year,emissions
1990,1918.808266933479
1995,1933.570543898611
2000,1998.6595620437897
2005,2102.9910657152373
2010,2276.581599185954
2015,2265.8329259793077
2018,2294.3440425722188
2020,855.306273957456
