year,emissions
1990,1938.7588422183746
1995,1960.2534237182745
2000,2030.4941475608357
2005,2129.6778443854105
2010,2302.6805608847562
2015,2293.614261325237
2018,2322.7544677319092
2020,872.994395390913
