year,median,score
1990,95.47110500000001,0
1995,99.9949972,0
2000,104.4736711,0
2005,111.13133780000001,0
2010,119.3662305,0
2015,110.4592704,0
2018,112.06342240000001,0
