year,median,score
1990,100.203968,0
1995,104.8423381,0
2000,109.3281808,0
2005,116.25741190000001,0
2010,124.4107149,0
2015,115.0624198,0
2018,116.6635629,0
