year,median,score
1990,67.915955,0
1995,70.523109,0
2000,73.972145,0
2005,76.831894,0
2010,77.458946,0
2015,74.156265,0
2018,74.56414,0
