year,median,score
1990,80.084312,0
1995,82.954231,0
2000,86.677216,0
2005,89.882782,0
2010,90.03096,0
2015,86.106804,0
2018,86.51432,0
