year,median,score
1990,73.31583499999999,1
1995,79.32930200000001,1
2000,46.5927657,1
2005,102.521933,1
2010,90.483034,1
2015,45.183163,1
2018,45.689294000000004,1
