year,median,score
1990,78.14471,1
1995,77.92300499999999,1
2000,83.257373,1
2005,90.169179,1
2010,98.326616,1
2015,45.223507,1
2018,45.733254,1
