year,median,score
1990,71.317113,1
1995,75.4648,1
2000,74.56433999999999,1
2005,108.557628,1
2010,85.612148,1
2015,45.112751,1
2018,45.632639,1
