,year,median,score
803,1990,0.35024611857142857,0
1631,1995,0.37336347071428566,0
2459,2000,0.40297793214285715,0
3287,2005,0.43432202142857146,0
4115,2010,0.5130064264285714,0
4943,2015,0.5092367885714286,0
5771,2018,0.5441528771428572,0
