year,median,score
1990,86.473076,1
1995,92.796211,1
2000,91.656654,1
2005,97.667229,1
2010,99.311928,1
2015,100.80725,1
2018,103.47336,1
