year,median,score
1990,89.773781,1
1995,96.294472,1
2000,95.038513,1
2005,101.15352,1
2010,102.33501,1
2015,103.98342,1
2018,106.60271,1
