year,median,score
1990,83.094627,1
1995,89.253838,1
2000,88.22403,1
2005,94.106636,1
2010,96.137032,1
2015,97.483932,1
2018,100.24554,1
