year,median,score
1990,154.56689599999999,0
1995,163.450122,0
2000,185.336505,0
2005,198.19962099999998,0
2010,211.700547,0
2015,215.93919499999998,0
2018,218.835073,0
