year,median,score
1990,147.27551699999998,0
1995,155.985674,0
2000,177.113549,0
2005,189.504338,0
2010,202.69467,0
2015,206.81500400000002,0
2018,209.748673,0
