year,median,score
1990,139.905346,0
1995,148.517782,0
2000,168.846246,0
2005,180.774142,0
2010,193.688218,0
2015,197.82275499999997,0
2018,200.685777,0
