year,median,score
1990,41.981503,0
1995,43.312088,0
2000,43.51189,0
2005,45.55386,0
2010,48.262791,0
2015,47.542912,0
2018,48.560432,0
