year,median,score
1990,42.070984,0
1995,43.44767,0
2000,43.706444,0
2005,45.802109,0
2010,48.529686,0
2015,47.794235,0
2018,48.889793,0
