year,median,score
1990,7.6687493,0
1995,8.0829039,0
2000,8.7735586,0
2005,8.110199,0
2010,8.7739067,0
2015,10.29544,0
2018,10.636427,0
2020,10.505179,0
