year,median,score
1990,8.3585453,0
1995,8.8228092,0
2000,9.475441,0
2005,8.8647299,0
2010,9.5470543,0
2015,11.032664,0
2018,11.367014,0
2020,11.255319,0
