year,median,score
1990,6.9949441,0
1995,7.3474121,0
2000,8.07586,0
2005,7.3347631,0
2010,7.9750013,0
2015,9.5486832,0
2018,9.9320593,0
2020,9.7915144,0
