year,median,score
1990,105.04036009999999,0
1995,109.7949148,0
2000,114.29900259999998,0
2005,121.4291029,0
2010,129.5709161,0
2015,119.70639969999999,0
2018,121.3287057,0
