year,median,score
1990,56.851777,1
1995,55.099464999999995,1
2000,59.009692,1
2005,63.56146,1
2010,68.794929,1
2015,15.957905,1
2018,16.352524,1
