year,median,score
1990,51.624086,1
1995,54.229299999999995,1
2000,52.033636,1
2005,83.86614900000001,1
2010,58.14895800000001,1
2015,17.828592,1
2018,18.243664,1
