year,median,score
1990,52.81571099999999,1
1995,57.286484,1
2000,23.1837897,1
2005,76.865191,1
2010,61.980263,1
2015,16.901436,1
2018,17.300306,1
