year,median,score
1990,9.401021,0
1995,9.5118294,0
2000,9.5844755,0
2005,9.865016,0
2010,10.070224,0
2015,9.8738146,0
2018,9.8364973,0
