year,median,score
1990,9.1622047,0
1995,9.2828608,0
2000,9.3628502,0
2005,9.6467304,0
2010,9.8560381,0
2015,9.6646585,0
2018,9.631813,0
