year,median,score
1990,9.6425991,0
1995,9.7419558,0
2000,9.8023176,0
2005,10.084143,0
2010,10.281992,0
2015,10.081825,0
2018,10.047942,0
