year,median,score
1990,186.548378,0
1995,195.520144,0
2000,220.78486700000002,0
2005,233.462781,0
2010,248.67803800000002,0
2015,255.02702900000003,0
2018,256.99341300000003,0
