year,median,score
1990,179.969723,0
1995,188.833452,0
2000,213.382486,0
2005,225.53880600000002,0
2010,240.51088,0
2015,247.05260199999998,0
2018,248.940389,0
