year,median,score
1990,193.066782,0
1995,202.22062599999998,0
2000,228.10476999999997,0
2005,241.34792499999998,1
2010,256.829594,1
2015,263.181848,1
2018,265.00982799999997,1
