year,median,score
1990,42.111038,0
1995,43.575867,0
2000,43.856571,0
2005,46.034481,0
2010,48.769474,0
2015,48.074139,0
2018,49.224751,0
