year,median,score
1990,100.203968,1
1995,104.8423381,1
2000,109.3281808,1
2005,116.25741190000001,1
2010,124.4107149,1
2015,115.0624198,1
2018,116.6635629,1
