year,median,score
1990,95.47110500000001,1
1995,99.9949972,1
2000,104.4736711,1
2005,111.13133780000001,1
2010,119.3662305,1
2015,110.4592704,1
2018,112.06342240000001,1
