year,median,score
1990,12.771977,0
1995,14.872849,0
2000,16.916918,0
2005,18.162212,0
2010,20.269445,0
2015,20.485022,0
2018,21.139837,0
