year,median,score
1990,12.56324,0
1995,14.695969,0
2000,16.743795,0
2005,17.991831,0
2010,20.054089,0
2015,20.2805,0
2018,20.965443,0
