year,median,score
1990,12.354703,0
1995,14.499819,0
2000,16.577593,0
2005,17.79969,0
2010,19.82688,0
2015,20.083941,0
2018,20.828527,0
