year,median,score
1990,19.693027,0
1995,21.2355,0
2000,22.530704,0
2005,24.691479,0
2010,27.46319,0
2015,27.284159,0
2018,27.388975,0
