year,median,score
1990,21.292933,0
1995,22.82354,0
2000,24.247681,0
2005,26.607719,0
2010,29.531687,1
2015,29.265602,1
2018,29.38073,1
