year,median,score
1990,20.500124,0
1995,22.042818,0
2000,23.408976,0
2005,25.656742,0
2010,28.502771,1
2015,28.281727,0
2018,28.388988,0
