year,median,score
1990,73.951759,0
1995,76.698715,0
2000,80.305771,0
2005,83.329742,0
2010,83.711075,0
2015,80.087791,0
2018,80.479057,0
