year,median,score
1990,25.098932,0
1995,25.970915,0
2000,26.27334,0
2005,26.383993,0
2010,27.216255,0
2015,26.328943,0
2018,26.086248,0
