year,median,score
1990,24.785944,0
1995,25.626541,0
2000,25.939295,0
2005,26.0441,0
2010,26.864048,0
2015,25.944256,0
2018,25.708652,0
