year,median,score
1990,25.395267,0
1995,26.303194,0
2000,26.604576,0
2005,26.738541,0
2010,27.578487,0
2015,26.706982,0
2018,26.457647,0
