year,median,score
1990,2.9016933,0
1995,3.3209524,0
2000,4.057766,0
2005,4.9303255,0
2010,6.8534312,0
2015,6.9658537,0
2018,8.0528355,0
