year,median,score
1990,2.8868775,0
1995,3.3013783,0
2000,4.0390821,0
2005,4.9033971,0
2010,6.8509679,0
2015,6.9769216,0
2018,8.040616,0
